Parameter,Value
koff,96.48510337815783
kon,87.71373034377984
Kd_app,1.1
