Parameter,Value
koff,82.24615549372619
kon,129.859224823255
Kd_app,0.6333485788604344
